src/app.ts,ts,true
src/controllers/adminController.ts,ts,true
src/controllers/adminPostsController.ts,ts,true
src/controllers/adminUsersController.ts,ts,true
src/controllers/artTermsController.ts,ts,true
src/controllers/authController.ts,ts,true
src/controllers/exhibitionController.ts,ts,true
src/controllers/geoController.ts,ts,true
src/controllers/likeController.ts,ts,true
src/controllers/postController.ts,ts,true
src/controllers/productController.ts,ts,true
src/controllers/searchController.ts,ts,true
src/controllers/userController.ts,ts,true
src/index.ts,ts,true
src/middleware/authMiddleware.ts,ts,true
src/middleware/errorHandler.ts,ts,true
src/middleware/exhibitionImageUploader.ts,ts,true
src/middleware/postMiddleware.ts,ts,true
src/middleware/productImageUploader.ts,ts,true
src/middleware/roleMIddleware.ts,ts,true
src/middleware/uploadProfileLogoImages.ts,ts,true
src/prismaClient.ts,ts,true
src/routes/adminRoutes.ts,ts,true
src/routes/artTermsRoutes.ts,ts,true
src/routes/authRoutes.ts,ts,true
src/routes/exhibitionRoutes.ts,ts,true
src/routes/geoRoutes.ts,ts,true
src/routes/likeRoutes.ts,ts,true
src/routes/postRoutes.ts,ts,true
src/routes/productRoutes.ts,ts,true
src/routes/searchRoutes.ts,ts,true
src/routes/userRoutes.ts,ts,true
src/tests/posts.test.ts,ts,true
src/types/env.d.ts,ts,true
src/types/express.d.ts,ts,true
src/types/modules.d.ts,ts,true
src/utils/applyMuseumFields.ts,ts,true
src/utils/generateToken.ts,ts,true
src/utils/logging.ts,ts,true
src/utils/sendEmails.ts,ts,true
